{
    "Luxury": {
        "--datepicker-links-color": "#F1F1F3",
        "--datepicker-front-color": "#515d65",
        "--datepicker-hover-color": "#79B591",
        "--datepicker-today-color": "#79B591",
        "--datepicker-frames-color": "#36395C",
        "--datepicker-fridays-color": "#c71585",
        "--datepicker-selected-color": "#292B46",
        "--datepicker-links-shadow-color": "rgba(0, 0, 0, .8)"
    },
    "Vineyard": {
        "--datepicker-links-color": "#F1F1F3",
        "--datepicker-front-color": "#515d65",
        "--datepicker-hover-color": "#eabe3f",
        "--datepicker-today-color": "#eabe3f",
        "--datepicker-frames-color": "#462b36",
        "--datepicker-fridays-color": "#c71585",
        "--datepicker-selected-color": "#301D25",
        "--datepicker-links-shadow-color": "rgba(0, 0, 0, .8)"
    },
    "Chocolate": {
        "--datepicker-links-color": "#F1F1F3",
        "--datepicker-front-color": "#515d65",
        "--datepicker-hover-color": "#422d26",
        "--datepicker-today-color": "#A97654",
        "--datepicker-frames-color": "#A97654",
        "--datepicker-fridays-color": "#c71585",
        "--datepicker-selected-color": "#5d4037",
        "--datepicker-links-shadow-color": "rgba(0, 0, 0, .8)"
    },
    "Gum": {
        "--datepicker-links-color": "#F1F1F3",
        "--datepicker-front-color": "#515d65",
        "--datepicker-hover-color": "#ff5252",
        "--datepicker-today-color": "#ff5252",
        "--datepicker-frames-color": "#607d8b",
        "--datepicker-fridays-color": "#c71585",
        "--datepicker-selected-color": "#607d8b",
        "--datepicker-links-shadow-color": "rgba(0, 0, 0, .8)"
    },
    "Night": {
        "--datepicker-links-color": "#F1F1F3",
        "--datepicker-front-color": "#515d65",
        "--datepicker-hover-color": "#333333",
        "--datepicker-today-color": "#333333",
        "--datepicker-frames-color": "#666666",
        "--datepicker-fridays-color": "#c71585",
        "--datepicker-selected-color": "#666666",
        "--datepicker-links-shadow-color": "rgba(0, 0, 0, .8)"
    },
    "Gray": {
        "--datepicker-links-color": "#F1F1F3",
        "--datepicker-front-color": "#515d65",
        "--datepicker-hover-color": "#999",
        "--datepicker-today-color": "#6D6D6D",
        "--datepicker-frames-color": "#6D6D6D",
        "--datepicker-fridays-color": "#c71585",
        "--datepicker-selected-color": "#d64e07",
        "--datepicker-links-shadow-color": "rgba(0, 0, 0, .8)"
    },
    "Nostalgia": {
        "--datepicker-links-color": "#F1F1F3",
        "--datepicker-front-color": "#515d65",
        "--datepicker-hover-color": "#28b811",
        "--datepicker-today-color": "#28b811",
        "--datepicker-frames-color": "#d13674",
        "--datepicker-fridays-color": "#c71585",
        "--datepicker-selected-color": "#0c4da1",
        "--datepicker-links-shadow-color": "rgba(0, 0, 0, .8)"
    },
    "Lavender": {
        "--datepicker-links-color": "#F1F1F3",
        "--datepicker-front-color": "#515d65",
        "--datepicker-hover-color": "#da9b49",
        "--datepicker-today-color": "#da9b49",
        "--datepicker-frames-color": "#5c5b73",
        "--datepicker-fridays-color": "#c71585",
        "--datepicker-selected-color": "#4c4b5f",
        "--datepicker-links-shadow-color": "rgba(0, 0, 0, .8)"
    },
    "Special": {
        "--datepicker-links-color": "#F1F1F3",
        "--datepicker-front-color": "#515d65",
        "--datepicker-hover-color": "#e7c03a",
        "--datepicker-today-color": "#e7c03a",
        "--datepicker-frames-color": "#36395c",
        "--datepicker-fridays-color": "#c71585",
        "--datepicker-selected-color": "#292B46",
        "--datepicker-links-shadow-color": "rgba(0, 0, 0, .8)"
    },
    "Calm": {
        "--datepicker-links-color": "#F1F1F3",
        "--datepicker-front-color": "#515d65",
        "--datepicker-hover-color": "#1abc9c",
        "--datepicker-today-color": "#1abc9c",
        "--datepicker-frames-color": "#2c3e50",
        "--datepicker-fridays-color": "#c71585",
        "--datepicker-selected-color": "#1F2C39",
        "--datepicker-links-shadow-color": "rgba(0, 0, 0, .8)"
    },
    "Lawn": {
        "--datepicker-links-color": "#F1F1F3",
        "--datepicker-front-color": "#515d65",
        "--datepicker-hover-color": "#a7b145",
        "--datepicker-today-color": "#a7b145",
        "--datepicker-frames-color": "#1e2a29",
        "--datepicker-fridays-color": "#c71585",
        "--datepicker-selected-color": "#0F1515",
        "--datepicker-links-shadow-color": "rgba(0, 0, 0, .8)"
    },
    "Seashore": {
        "--datepicker-links-color": "#515d65",
        "--datepicker-front-color": "#515d65",
        "--datepicker-hover-color": "#456a7f",
        "--datepicker-today-color": "#456a7f",
        "--datepicker-frames-color": "#d5cdad",
        "--datepicker-fridays-color": "#c71585",
        "--datepicker-selected-color": "#7D6B5C",
        "--datepicker-links-shadow-color": "rgba(255, 255, 255, .8)"
    },
    "Excitement": {
        "--datepicker-links-color": "#F1F1F3",
        "--datepicker-front-color": "#515d65",
        "--datepicker-hover-color": "#bd3854",
        "--datepicker-today-color": "#321017",
        "--datepicker-frames-color": "#5f1b29",
        "--datepicker-fridays-color": "#c71585",
        "--datepicker-selected-color": "#bd3854",
        "--datepicker-links-shadow-color": "rgba(0, 0, 0, .8)"
    },
    "Jade": {
        "--datepicker-links-color": "#F1F1F3",
        "--datepicker-front-color": "#515d65",
        "--datepicker-hover-color": "#1e8060",
        "--datepicker-today-color": "#1e8060",
        "--datepicker-frames-color": "#0f4232",
        "--datepicker-fridays-color": "#c71585",
        "--datepicker-selected-color": "#3855e1",
        "--datepicker-links-shadow-color": "rgba(0, 0, 0, .8)"
    },
    "default": {
        "--datepicker-links-color": "#515d65",
        "--datepicker-front-color": "#515d65",
        "--datepicker-hover-color": "#466E9C",
        "--datepicker-today-color": "#5f9ea0",
        "--datepicker-frames-color": "#e0e8ec",
        "--datepicker-fridays-color": "#c71585",
        "--datepicker-selected-color": "#8ab8ed",
        "--datepicker-links-shadow-color": "rgba(255, 255, 255, .8)"
    }
}